id,type,chromosome,start,end,mutation
MU589117,single base substitution,10,38654432,38654432,A>G
MU588573,single base substitution,7,55221822,55221822,C>T
MU589341,single base substitution,7,55233043,55233043,G>T
MU866,single base substitution,2,209113112,209113112,C>T
MU594026,single base substitution,15,102515299,102515299,G>A
MU592348,single base substitution,12,13028751,13028751,G>C
MU589071,single base substitution,19,58385546,58385546,G>T
MU36388,single base substitution,2,114355998,114355998,C>G
MU589543,single base substitution,19,24010294,24010294,C>G
MU590981,single base substitution,2,114357557,114357557,A>G
MU590044,single base substitution,9,141071110,141071110,A>G
MU30748,single base substitution,17,7577538,7577538,C>T
MU589105,single base substitution,2,97869931,97869931,A>T
MU591051,single base substitution,2,113127775,113127775,G>C
MU589331,single base substitution,10,89717672,89717672,C>T
MU590942,single base substitution,7,55221821,55221821,G>A
MU62030,single base substitution,7,140453136,140453136,A>T
MU24291,single base substitution,16,21817457,21817457,G>A
MU592738,single base substitution,1,145367767,145367767,G>A
MU588643,deletion of <=200bp,12,11546320,11546322,TTG>-
MU591091,single base substitution,19,33695616,33695616,A>C
MU10935,single base substitution,3,195505836,195505836,G>C
MU592955,single base substitution,16,32890622,32890622,T>G
MU589353,single base substitution,3,195400728,195400728,A>G
MU597540,single base substitution,4,69870669,69870669,C>A
MU599462,single base substitution,10,112696573,112696573,T>C
MU590298,single base substitution,7,55211080,55211080,G>A
MU589075,single base substitution,15,83014106,83014106,T>C
MU601968,single base substitution,7,55220274,55220274,C>T
MU256,single base substitution,17,7577094,7577094,G>A
MU594506,single base substitution,18,14513764,14513764,C>T
MU5219,single base substitution,3,178936091,178936091,G>A
MU24637,single base substitution,17,7577120,7577120,C>T
MU600459,single base substitution,18,14513675,14513675,T>C
MU592069,single base substitution,10,51093329,51093329,C>T
MU593489,single base substitution,13,75814354,75814354,C>G
MU591879,single base substitution,3,195410687,195410687,T>A
MU7870,single base substitution,17,7578406,7578406,C>T
MU600120,single base substitution,1,145324371,145324371,T>C
MU589895,single base substitution,9,141070969,141070969,A>G
MU588975,single base substitution,13,48953730,48953730,C>T
MU2245097,insertion of <=200bp,7,131195806,131195806,->G
MU594999,single base substitution,15,41146113,41146113,C>T
MU17943,single base substitution,17,7577539,7577539,G>A
MU591431,single base substitution,5,56160697,56160697,C>T
MU588605,single base substitution,21,46011400,46011400,G>A
MU10839,single base substitution,20,31022345,31022345,C>T
MU602357,single base substitution,7,55210077,55210077,G>A
MU590667,single base substitution,15,42193062,42193062,G>A
MU6581,single base substitution,17,7578263,7578263,G>A
MU592680,single base substitution,20,29628300,29628300,G>A
MU596199,single base substitution,13,20039688,20039688,G>A
MU598762,single base substitution,15,22709152,22709152,G>T
MU590556,single base substitution,5,67589138,67589138,G>A
MU588467,deletion of <=200bp,7,44684936,44684936,T>-
MU25838,single base substitution,17,7577548,7577548,C>T
MU588799,single base substitution,10,89692904,89692904,C>T
MU590964,single base substitution,7,55223543,55223543,C>T
MU596550,single base substitution,17,21731144,21731144,T>G
MU594674,deletion of <=200bp,17,45219612,45219612,A>-
MU589580,single base substitution,10,135491113,135491113,G>A
MU601391,single base substitution,7,72093896,72093896,C>T
MU588398,single base substitution,16,15457701,15457701,G>A
MU18569,single base substitution,15,83014132,83014132,C>G
MU590052,single base substitution,1,145367739,145367739,A>G
MU589990,deletion of <=200bp,19,45911859,45911861,GAA>-
MU592585,single base substitution,10,89720852,89720852,C>T
MU592002,single base substitution,1,148933289,148933289,A>G
MU588860,single base substitution,2,54756736,54756736,T>C
MU107439,single base substitution,17,39274206,39274206,C>T
MU594300,single base substitution,7,55221822,55221822,C>A
MU69856,single base substitution,19,58385762,58385762,C>G
MU597080,single base substitution,19,12187275,12187275,G>C
MU26668,single base substitution,17,7577568,7577568,C>A
MU589735,single base substitution,17,21730916,21730916,G>T
MU595841,single base substitution,19,35232200,35232200,T>G
MU604683,single base substitution,19,51466671,51466671,C>T
MU33642,single base substitution,2,179463526,179463526,C>T
MU588708,single base substitution,7,55241677,55241677,G>A
MU588599,single base substitution,22,21829507,21829507,G>A
MU2245277,insertion of <=200bp,7,100684307,100684307,->CTC
MU597164,single base substitution,7,55233037,55233037,C>T
MU2089,deletion of <=200bp,10,89720799,89720802,TACT>-
MU589798,single base substitution,1,228520994,228520994,C>T
MU597696,single base substitution,2,113940279,113940279,C>T
MU599553,single base substitution,7,35130052,35130052,C>T
MU594918,single base substitution,X,153588445,153588445,C>T
MU596181,single base substitution,16,1507256,1507256,T>C
MU2244791,insertion of <=200bp,3,195400814,195400814,->TT
MU144178,single base substitution,17,7578457,7578457,C>T
MU595127,single base substitution,5,140188686,140188686,C>T
MU588607,single base substitution,16,23226531,23226531,G>A
MU29477,single base substitution,1,16918653,16918653,C>T
MU605826,single base substitution,10,71025477,71025477,C>T
MU589443,single base substitution,1,169698774,169698774,G>A
MU593296,single base substitution,1,154062058,154062058,G>A
MU589549,single base substitution,15,102292785,102292785,C>G
MU599178,single base substitution,4,70079956,70079956,G>A
MU589261,single base substitution,1,145360624,145360624,G>A
MU606487,single base substitution,6,74227627,74227627,G>A
